Workbook

Sheet List 1
A1: Item # | B1: Quantity | C1: Part # | D1: Part Description
A2: 100 | B2: 4 | C2: PN-001 | D2: Bolt M6
A3: 101 | B3: 2 | C3: PN-002 | D3: Nut M6
A4: 102 | B4: 1 | C4: PN-003 | D4: Washer M6
A5: 103 | B5: 3 | C5: pn-004 | D5: Bracket Left
A6: 104 | B6: 2 | C6: PN-005 | D6: Gasket
A7: 104 | B7: 2 | C7: PN-005 | D7: Gasket
A8: 105 | B8: 6 | C8: PN-006 | D8: Hinge
A9: 106 | B9: 1 | C9: PN-007 | D9: Screw M4
A10: 107 | B10: 10 | C10: PN-008 | D10: Cable 2m
A11: 108 | B11: 1 | C11: PN-009 | D11: Fuse 5A
A12: 109 | C12: PN-010 | D12: Relay 12V
A13: 112 | B13: 1 | C13: PN-013 | D13: Pump A

Sheet List 2
A1: Item # | B1: Quantity | C1: Part # | D1: Part Description
A2: 100 | B2: 4 | C2: PN-001 | D2: Bolt M6
A3: 101 | B3: 5 | C3: PN-002 | D3: Nut M6
A4: 103 | B4: 3 | C4: PN-004 | D4: bracket left
A5: 104 | B5: 2 | C5: PN-005 | D5: Gasket
A6: 105 | B6: 6 | C6: PN-006 | D6: Hinge
A7: 105 | B7: 7 | C7: PN-006 | D7: Hinge
A8: 106 | B8: 1 | C8: PN-007 | D8: Screw M4
A9: 107 | B9: 8 | C9: PN-008 | D9: Cable 2m
A10: 109 | B10: 2 | C10: PN-010 | D10: Relay 12V
A11: 110 | B11: 3 | C11: PN-011 | D11: Sensor
A12: 112 | B12: 1 | C12: PN-013 | D12: Pump B

Sheet Comparison
A1: Item # | B1: Part # | C1: Part Description | D1: Qty List 1 | E1: Qty List 2 | F1: Difference (L2 - L1) | G1: Status | I1: Summary | J1: Count
A2: =IFERROR(INDEX(Calc!$L$2:$L$1001,MATCH(ROW()-1,Calc!$X$2:$X$1001,0)),"") -> 100 | B2: =IFERROR(INDEX(Calc!$M$2:$M$1001,MATCH(ROW()-1,Calc!$X$2:$X$1001,0)),"") -> PN-001 | C2: =IFERROR(INDEX(Calc!$N$2:$N$1001,MATCH(ROW()-1,Calc!$X$2:$X$1001,0)),"") -> Bolt M6 | D2: =IFERROR(INDEX(Calc!$O$2:$O$1001,MATCH(ROW()-1,Calc!$X$2:$X$1001,0)),"") -> 4 | E2: =IFERROR(INDEX(Calc!$P$2:$P$1001,MATCH(ROW()-1,Calc!$X$2:$X$1001,0)),"") -> 4 | F2: =IF(G2="","",E2-D2) -> 0 | G2: =IFERROR(INDEX(Calc!$S$2:$S$1001,MATCH(ROW()-1,Calc!$X$2:$X$1001,0)),"") -> Match | I2: Match | J2: =COUNTIF($G$2:$G$1001,I2) -> 5
A3: =IFERROR(INDEX(Calc!$L$2:$L$1001,MATCH(ROW()-1,Calc!$X$2:$X$1001,0)),"") -> 101 | B3: =IFERROR(INDEX(Calc!$M$2:$M$1001,MATCH(ROW()-1,Calc!$X$2:$X$1001,0)),"") -> PN-002 | C3: =IFERROR(INDEX(Calc!$N$2:$N$1001,MATCH(ROW()-1,Calc!$X$2:$X$1001,0)),"") -> Nut M6 | D3: =IFERROR(INDEX(Calc!$O$2:$O$1001,MATCH(ROW()-1,Calc!$X$2:$X$1001,0)),"") -> 2 | E3: =IFERROR(INDEX(Calc!$P$2:$P$1001,MATCH(ROW()-1,Calc!$X$2:$X$1001,0)),"") -> 5 | F3: =IF(G3="","",E3-D3) -> 3 | G3: =IFERROR(INDEX(Calc!$S$2:$S$1001,MATCH(ROW()-1,Calc!$X$2:$X$1001,0)),"") -> Qty Different | I3: Qty Different | J3: =COUNTIF($G$2:$G$1001,I3) -> 3
A4: =IFERROR(INDEX(Calc!$L$2:$L$1001,MATCH(ROW()-1,Calc!$X$2:$X$1001,0)),"") -> 102 | B4: =IFERROR(INDEX(Calc!$M$2:$M$1001,MATCH(ROW()-1,Calc!$X$2:$X$1001,0)),"") -> PN-003 | C4: =IFERROR(INDEX(Calc!$N$2:$N$1001,MATCH(ROW()-1,Calc!$X$2:$X$1001,0)),"") -> Washer M6 | D4: =IFERROR(INDEX(Calc!$O$2:$O$1001,MATCH(ROW()-1,Calc!$X$2:$X$1001,0)),"") -> 1 | E4: =IFERROR(INDEX(Calc!$P$2:$P$1001,MATCH(ROW()-1,Calc!$X$2:$X$1001,0)),"") -> 0 | F4: =IF(G4="","",E4-D4) -> -1 | G4: =IFERROR(INDEX(Calc!$S$2:$S$1001,MATCH(ROW()-1,Calc!$X$2:$X$1001,0)),"") -> Only in List 1 | I4: Only in List 1 | J4: =COUNTIF($G$2:$G$1001,I4) -> 4
A5: =IFERROR(INDEX(Calc!$L$2:$L$1001,MATCH(ROW()-1,Calc!$X$2:$X$1001,0)),"") -> 103 | B5: =IFERROR(INDEX(Calc!$M$2:$M$1001,MATCH(ROW()-1,Calc!$X$2:$X$1001,0)),"") -> pn-004 | C5: =IFERROR(INDEX(Calc!$N$2:$N$1001,MATCH(ROW()-1,Calc!$X$2:$X$1001,0)),"") -> Bracket Left | D5: =IFERROR(INDEX(Calc!$O$2:$O$1001,MATCH(ROW()-1,Calc!$X$2:$X$1001,0)),"") -> 3 | E5: =IFERROR(INDEX(Calc!$P$2:$P$1001,MATCH(ROW()-1,Calc!$X$2:$X$1001,0)),"") -> 3 | F5: =IF(G5="","",E5-D5) -> 0 | G5: =IFERROR(INDEX(Calc!$S$2:$S$1001,MATCH(ROW()-1,Calc!$X$2:$X$1001,0)),"") -> Match | I5: Only in List 2 | J5: =COUNTIF($G$2:$G$1001,I5) -> 3
A6: =IFERROR(INDEX(Calc!$L$2:$L$1001,MATCH(ROW()-1,Calc!$X$2:$X$1001,0)),"") -> 104 | B6: =IFERROR(INDEX(Calc!$M$2:$M$1001,MATCH(ROW()-1,Calc!$X$2:$X$1001,0)),"") -> PN-005 | C6: =IFERROR(INDEX(Calc!$N$2:$N$1001,MATCH(ROW()-1,Calc!$X$2:$X$1001,0)),"") -> Gasket | D6: =IFERROR(INDEX(Calc!$O$2:$O$1001,MATCH(ROW()-1,Calc!$X$2:$X$1001,0)),"") -> 2 | E6: =IFERROR(INDEX(Calc!$P$2:$P$1001,MATCH(ROW()-1,Calc!$X$2:$X$1001,0)),"") -> 2 | F6: =IF(G6="","",E6-D6) -> 0 | G6: =IFERROR(INDEX(Calc!$S$2:$S$1001,MATCH(ROW()-1,Calc!$X$2:$X$1001,0)),"") -> Match | I6: Total | J6: =SUM(J2:J5) -> 15
A7: =IFERROR(INDEX(Calc!$L$2:$L$1001,MATCH(ROW()-1,Calc!$X$2:$X$1001,0)),"") -> 104 | B7: =IFERROR(INDEX(Calc!$M$2:$M$1001,MATCH(ROW()-1,Calc!$X$2:$X$1001,0)),"") -> PN-005 | C7: =IFERROR(INDEX(Calc!$N$2:$N$1001,MATCH(ROW()-1,Calc!$X$2:$X$1001,0)),"") -> Gasket | D7: =IFERROR(INDEX(Calc!$O$2:$O$1001,MATCH(ROW()-1,Calc!$X$2:$X$1001,0)),"") -> 2 | E7: =IFERROR(INDEX(Calc!$P$2:$P$1001,MATCH(ROW()-1,Calc!$X$2:$X$1001,0)),"") -> 0 | F7: =IF(G7="","",E7-D7) -> -2 | G7: =IFERROR(INDEX(Calc!$S$2:$S$1001,MATCH(ROW()-1,Calc!$X$2:$X$1001,0)),"") -> Only in List 1
A8: =IFERROR(INDEX(Calc!$L$2:$L$1001,MATCH(ROW()-1,Calc!$X$2:$X$1001,0)),"") -> 105 | B8: =IFERROR(INDEX(Calc!$M$2:$M$1001,MATCH(ROW()-1,Calc!$X$2:$X$1001,0)),"") -> PN-006 | C8: =IFERROR(INDEX(Calc!$N$2:$N$1001,MATCH(ROW()-1,Calc!$X$2:$X$1001,0)),"") -> Hinge | D8: =IFERROR(INDEX(Calc!$O$2:$O$1001,MATCH(ROW()-1,Calc!$X$2:$X$1001,0)),"") -> 6 | E8: =IFERROR(INDEX(Calc!$P$2:$P$1001,MATCH(ROW()-1,Calc!$X$2:$X$1001,0)),"") -> 6 | F8: =IF(G8="","",E8-D8) -> 0 | G8: =IFERROR(INDEX(Calc!$S$2:$S$1001,MATCH(ROW()-1,Calc!$X$2:$X$1001,0)),"") -> Match | I8: Match rows on
A9: =IFERROR(INDEX(Calc!$L$2:$L$1001,MATCH(ROW()-1,Calc!$X$2:$X$1001,0)),"") -> 105 | B9: =IFERROR(INDEX(Calc!$M$2:$M$1001,MATCH(ROW()-1,Calc!$X$2:$X$1001,0)),"") -> PN-006 | C9: =IFERROR(INDEX(Calc!$N$2:$N$1001,MATCH(ROW()-1,Calc!$X$2:$X$1001,0)),"") -> Hinge | D9: =IFERROR(INDEX(Calc!$O$2:$O$1001,MATCH(ROW()-1,Calc!$X$2:$X$1001,0)),"") -> 0 | E9: =IFERROR(INDEX(Calc!$P$2:$P$1001,MATCH(ROW()-1,Calc!$X$2:$X$1001,0)),"") -> 7 | F9: =IF(G9="","",E9-D9) -> 7 | G9: =IFERROR(INDEX(Calc!$S$2:$S$1001,MATCH(ROW()-1,Calc!$X$2:$X$1001,0)),"") -> Only in List 2 | I9: Item # + Part # + Description
A10: =IFERROR(INDEX(Calc!$L$2:$L$1001,MATCH(ROW()-1,Calc!$X$2:$X$1001,0)),"") -> 106 | B10: =IFERROR(INDEX(Calc!$M$2:$M$1001,MATCH(ROW()-1,Calc!$X$2:$X$1001,0)),"") -> PN-007 | C10: =IFERROR(INDEX(Calc!$N$2:$N$1001,MATCH(ROW()-1,Calc!$X$2:$X$1001,0)),"") -> Screw M4 | D10: =IFERROR(INDEX(Calc!$O$2:$O$1001,MATCH(ROW()-1,Calc!$X$2:$X$1001,0)),"") -> 1 | E10: =IFERROR(INDEX(Calc!$P$2:$P$1001,MATCH(ROW()-1,Calc!$X$2:$X$1001,0)),"") -> 1 | F10: =IF(G10="","",E10-D10) -> 0 | G10: =IFERROR(INDEX(Calc!$S$2:$S$1001,MATCH(ROW()-1,Calc!$X$2:$X$1001,0)),"") -> Match | I10: Tap the cell above to change the key
A11: =IFERROR(INDEX(Calc!$L$2:$L$1001,MATCH(ROW()-1,Calc!$X$2:$X$1001,0)),"") -> 107 | B11: =IFERROR(INDEX(Calc!$M$2:$M$1001,MATCH(ROW()-1,Calc!$X$2:$X$1001,0)),"") -> PN-008 | C11: =IFERROR(INDEX(Calc!$N$2:$N$1001,MATCH(ROW()-1,Calc!$X$2:$X$1001,0)),"") -> Cable 2m | D11: =IFERROR(INDEX(Calc!$O$2:$O$1001,MATCH(ROW()-1,Calc!$X$2:$X$1001,0)),"") -> 10 | E11: =IFERROR(INDEX(Calc!$P$2:$P$1001,MATCH(ROW()-1,Calc!$X$2:$X$1001,0)),"") -> 8 | F11: =IF(G11="","",E11-D11) -> -2 | G11: =IFERROR(INDEX(Calc!$S$2:$S$1001,MATCH(ROW()-1,Calc!$X$2:$X$1001,0)),"") -> Qty Different
A12: =IFERROR(INDEX(Calc!$L$2:$L$1001,MATCH(ROW()-1,Calc!$X$2:$X$1001,0)),"") -> 108 | B12: =IFERROR(INDEX(Calc!$M$2:$M$1001,MATCH(ROW()-1,Calc!$X$2:$X$1001,0)),"") -> PN-009 | C12: =IFERROR(INDEX(Calc!$N$2:$N$1001,MATCH(ROW()-1,Calc!$X$2:$X$1001,0)),"") -> Fuse 5A | D12: =IFERROR(INDEX(Calc!$O$2:$O$1001,MATCH(ROW()-1,Calc!$X$2:$X$1001,0)),"") -> 1 | E12: =IFERROR(INDEX(Calc!$P$2:$P$1001,MATCH(ROW()-1,Calc!$X$2:$X$1001,0)),"") -> 0 | F12: =IF(G12="","",E12-D12) -> -1 | G12: =IFERROR(INDEX(Calc!$S$2:$S$1001,MATCH(ROW()-1,Calc!$X$2:$X$1001,0)),"") -> Only in List 1
A13: =IFERROR(INDEX(Calc!$L$2:$L$1001,MATCH(ROW()-1,Calc!$X$2:$X$1001,0)),"") -> 109 | B13: =IFERROR(INDEX(Calc!$M$2:$M$1001,MATCH(ROW()-1,Calc!$X$2:$X$1001,0)),"") -> PN-010 | C13: =IFERROR(INDEX(Calc!$N$2:$N$1001,MATCH(ROW()-1,Calc!$X$2:$X$1001,0)),"") -> Relay 12V | D13: =IFERROR(INDEX(Calc!$O$2:$O$1001,MATCH(ROW()-1,Calc!$X$2:$X$1001,0)),"") -> 0 | E13: =IFERROR(INDEX(Calc!$P$2:$P$1001,MATCH(ROW()-1,Calc!$X$2:$X$1001,0)),"") -> 2 | F13: =IF(G13="","",E13-D13) -> 2 | G13: =IFERROR(INDEX(Calc!$S$2:$S$1001,MATCH(ROW()-1,Calc!$X$2:$X$1001,0)),"") -> Qty Different
A14: =IFERROR(INDEX(Calc!$L$2:$L$1001,MATCH(ROW()-1,Calc!$X$2:$X$1001,0)),"") -> 110 | B14: =IFERROR(INDEX(Calc!$M$2:$M$1001,MATCH(ROW()-1,Calc!$X$2:$X$1001,0)),"") -> PN-011 | C14: =IFERROR(INDEX(Calc!$N$2:$N$1001,MATCH(ROW()-1,Calc!$X$2:$X$1001,0)),"") -> Sensor | D14: =IFERROR(INDEX(Calc!$O$2:$O$1001,MATCH(ROW()-1,Calc!$X$2:$X$1001,0)),"") -> 0 | E14: =IFERROR(INDEX(Calc!$P$2:$P$1001,MATCH(ROW()-1,Calc!$X$2:$X$1001,0)),"") -> 3 | F14: =IF(G14="","",E14-D14) -> 3 | G14: =IFERROR(INDEX(Calc!$S$2:$S$1001,MATCH(ROW()-1,Calc!$X$2:$X$1001,0)),"") -> Only in List 2
A15: =IFERROR(INDEX(Calc!$L$2:$L$1001,MATCH(ROW()-1,Calc!$X$2:$X$1001,0)),"") -> 112 | B15: =IFERROR(INDEX(Calc!$M$2:$M$1001,MATCH(ROW()-1,Calc!$X$2:$X$1001,0)),"") -> PN-013 | C15: =IFERROR(INDEX(Calc!$N$2:$N$1001,MATCH(ROW()-1,Calc!$X$2:$X$1001,0)),"") -> Pump A | D15: =IFERROR(INDEX(Calc!$O$2:$O$1001,MATCH(ROW()-1,Calc!$X$2:$X$1001,0)),"") -> 1 | E15: =IFERROR(INDEX(Calc!$P$2:$P$1001,MATCH(ROW()-1,Calc!$X$2:$X$1001,0)),"") -> 0 | F15: =IF(G15="","",E15-D15) -> -1 | G15: =IFERROR(INDEX(Calc!$S$2:$S$1001,MATCH(ROW()-1,Calc!$X$2:$X$1001,0)),"") -> Only in List 1
A16: =IFERROR(INDEX(Calc!$L$2:$L$1001,MATCH(ROW()-1,Calc!$X$2:$X$1001,0)),"") -> 112 | B16: =IFERROR(INDEX(Calc!$M$2:$M$1001,MATCH(ROW()-1,Calc!$X$2:$X$1001,0)),"") -> PN-013 | C16: =IFERROR(INDEX(Calc!$N$2:$N$1001,MATCH(ROW()-1,Calc!$X$2:$X$1001,0)),"") -> Pump B | D16: =IFERROR(INDEX(Calc!$O$2:$O$1001,MATCH(ROW()-1,Calc!$X$2:$X$1001,0)),"") -> 0 | E16: =IFERROR(INDEX(Calc!$P$2:$P$1001,MATCH(ROW()-1,Calc!$X$2:$X$1001,0)),"") -> 1 | F16: =IF(G16="","",E16-D16) -> 1 | G16: =IFERROR(INDEX(Calc!$S$2:$S$1001,MATCH(ROW()-1,Calc!$X$2:$X$1001,0)),"") -> Only in List 2
A17: =IFERROR(INDEX(Calc!$L$2:$L$1001,MATCH(ROW()-1,Calc!$X$2:$X$1001,0)),"") | B17: =IFERROR(INDEX(Calc!$M$2:$M$1001,MATCH(ROW()-1,Calc!$X$2:$X$1001,0)),"") | C17: =IFERROR(INDEX(Calc!$N$2:$N$1001,MATCH(ROW()-1,Calc!$X$2:$X$1001,0)),"") | D17: =IFERROR(INDEX(Calc!$O$2:$O$1001,MATCH(ROW()-1,Calc!$X$2:$X$1001,0)),"") | E17: =IFERROR(INDEX(Calc!$P$2:$P$1001,MATCH(ROW()-1,Calc!$X$2:$X$1001,0)),"") | F17: =IF(G17="","",E17-D17) | G17: =IFERROR(INDEX(Calc!$S$2:$S$1001,MATCH(ROW()-1,Calc!$X$2:$X$1001,0)),"")
A18: =IFERROR(INDEX(Calc!$L$2:$L$1001,MATCH(ROW()-1,Calc!$X$2:$X$1001,0)),"") | B18: =IFERROR(INDEX(Calc!$M$2:$M$1001,MATCH(ROW()-1,Calc!$X$2:$X$1001,0)),"") | C18: =IFERROR(INDEX(Calc!$N$2:$N$1001,MATCH(ROW()-1,Calc!$X$2:$X$1001,0)),"") | D18: =IFERROR(INDEX(Calc!$O$2:$O$1001,MATCH(ROW()-1,Calc!$X$2:$X$1001,0)),"") | E18: =IFERROR(INDEX(Calc!$P$2:$P$1001,MATCH(ROW()-1,Calc!$X$2:$X$1001,0)),"") | F18: =IF(G18="","",E18-D18) | G18: =IFERROR(INDEX(Calc!$S$2:$S$1001,MATCH(ROW()-1,Calc!$X$2:$X$1001,0)),"")
A19: =IFERROR(INDEX(Calc!$L$2:$L$1001,MATCH(ROW()-1,Calc!$X$2:$X$1001,0)),"") | B19: =IFERROR(INDEX(Calc!$M$2:$M$1001,MATCH(ROW()-1,Calc!$X$2:$X$1001,0)),"") | C19: =IFERROR(INDEX(Calc!$N$2:$N$1001,MATCH(ROW()-1,Calc!$X$2:$X$1001,0)),"") | D19: =IFERROR(INDEX(Calc!$O$2:$O$1001,MATCH(ROW()-1,Calc!$X$2:$X$1001,0)),"") | E19: =IFERROR(INDEX(Calc!$P$2:$P$1001,MATCH(ROW()-1,Calc!$X$2:$X$1001,0)),"") | F19: =IF(G19="","",E19-D19) | G19: =IFERROR(INDEX(Calc!$S$2:$S$1001,MATCH(ROW()-1,Calc!$X$2:$X$1001,0)),"")
A20: =IFERROR(INDEX(Calc!$L$2:$L$1001,MATCH(ROW()-1,Calc!$X$2:$X$1001,0)),"") | B20: =IFERROR(INDEX(Calc!$M$2:$M$1001,MATCH(ROW()-1,Calc!$X$2:$X$1001,0)),"") | C20: =IFERROR(INDEX(Calc!$N$2:$N$1001,MATCH(ROW()-1,Calc!$X$2:$X$1001,0)),"") | D20: =IFERROR(INDEX(Calc!$O$2:$O$1001,MATCH(ROW()-1,Calc!$X$2:$X$1001,0)),"") | E20: =IFERROR(INDEX(Calc!$P$2:$P$1001,MATCH(ROW()-1,Calc!$X$2:$X$1001,0)),"") | F20: =IF(G20="","",E20-D20) | G20: =IFERROR(INDEX(Calc!$S$2:$S$1001,MATCH(ROW()-1,Calc!$X$2:$X$1001,0)),"")
A21: =IFERROR(INDEX(Calc!$L$2:$L$1001,MATCH(ROW()-1,Calc!$X$2:$X$1001,0)),"") | B21: =IFERROR(INDEX(Calc!$M$2:$M$1001,MATCH(ROW()-1,Calc!$X$2:$X$1001,0)),"") | C21: =IFERROR(INDEX(Calc!$N$2:$N$1001,MATCH(ROW()-1,Calc!$X$2:$X$1001,0)),"") | D21: =IFERROR(INDEX(Calc!$O$2:$O$1001,MATCH(ROW()-1,Calc!$X$2:$X$1001,0)),"") | E21: =IFERROR(INDEX(Calc!$P$2:$P$1001,MATCH(ROW()-1,Calc!$X$2:$X$1001,0)),"") | F21: =IF(G21="","",E21-D21) | G21: =IFERROR(INDEX(Calc!$S$2:$S$1001,MATCH(ROW()-1,Calc!$X$2:$X$1001,0)),"")
A22: =IFERROR(INDEX(Calc!$L$2:$L$1001,MATCH(ROW()-1,Calc!$X$2:$X$1001,0)),"") | B22: =IFERROR(INDEX(Calc!$M$2:$M$1001,MATCH(ROW()-1,Calc!$X$2:$X$1001,0)),"") | C22: =IFERROR(INDEX(Calc!$N$2:$N$1001,MATCH(ROW()-1,Calc!$X$2:$X$1001,0)),"") | D22: =IFERROR(INDEX(Calc!$O$2:$O$1001,MATCH(ROW()-1,Calc!$X$2:$X$1001,0)),"") | E22: =IFERROR(INDEX(Calc!$P$2:$P$1001,MATCH(ROW()-1,Calc!$X$2:$X$1001,0)),"") | F22: =IF(G22="","",E22-D22) | G22: =IFERROR(INDEX(Calc!$S$2:$S$1001,MATCH(ROW()-1,Calc!$X$2:$X$1001,0)),"")
... A1001: =IFERROR(INDEX(Calc!$L$2:$L$1001,MATCH(ROW()-1,Calc!$X$2:$X$1001,0)),"") | B1001: =IFERROR(INDEX(Calc!$M$2:$M$1001,MATCH(ROW()-1,Calc!$X$2:$X$1001,0)),"") | C1001: =IFERROR(INDEX(Calc!$N$2:$N$1001,MATCH(ROW()-1,Calc!$X$2:$X$1001,0)),"") | D1001: =IFERROR(INDEX(Calc!$O$2:$O$1001,MATCH(ROW()-1,Calc!$X$2:$X$1001,0)),"") | E1001: =IFERROR(INDEX(Calc!$P$2:$P$1001,MATCH(ROW()-1,Calc!$X$2:$X$1001,0)),"") | F1001: =IF(G1001="","",E1001-D1001) | G1001: =IFERROR(INDEX(Calc!$S$2:$S$1001,MATCH(ROW()-1,Calc!$X$2:$X$1001,0)),"")

Sheet Calc
A1: key1 | B1: occ1 | C1: keyocc1 | D1: qty1 | F1: key2 | G1: occ2 | H1: keyocc2 | I1: qty2 | K1: keyocc | L1: Item # | M1: Part # | N1: Part Description | O1: q1 | P1: q2 | Q1: in1 | R1: in2 | S1: Status | T1: itemKey | U1: partKey | V1: descKey | W1: occ | X1: rank
A2: =IF(TRIM('List 1'!A2&'List 1'!C2&'List 1'!D2)="","",LOWER(IF(OR(Comparison!$I$9="Item # + Part # + Description",Comparison!$I$9="Item # + Part #"),TRIM('List 1'!A2),"")&"|"&TRIM('List 1'!C2)&"|"&IF(OR(Comparison!$I$9="Item # + Part # + Description",Comparison!$I$9="Part # + Description"),TRIM('List 1'!D2),""))) -> 100|pn-001|bolt m6 | B2: =IF(A2="","",SUMPRODUCT(--($A$2:A2=A2))) -> 1 | C2: =IF(A2="","",A2&"#"&B2) -> 100|pn-001|bolt m6#1 | D2: =IF(A2="","",IFERROR(--'List 1'!B2,0)) -> 4 | F2: =IF(TRIM('List 2'!A2&'List 2'!C2&'List 2'!D2)="","",LOWER(IF(OR(Comparison!$I$9="Item # + Part # + Description",Comparison!$I$9="Item # + Part #"),TRIM('List 2'!A2),"")&"|"&TRIM('List 2'!C2)&"|"&IF(OR(Comparison!$I$9="Item # + Part # + Description",Comparison!$I$9="Part # + Description"),TRIM('List 2'!D2),""))) -> 100|pn-001|bolt m6 | G2: =IF(F2="","",SUMPRODUCT(--($F$2:F2=F2))) -> 1 | H2: =IF(F2="","",F2&"#"&G2) -> 100|pn-001|bolt m6#1 | I2: =IF(F2="","",IFERROR(--'List 2'!B2,0)) -> 4 | K2: =C2 -> 100|pn-001|bolt m6#1 | L2: =IF(K2="","",IF(ISNUMBER('List 1'!A2),'List 1'!A2,TRIM('List 1'!A2))) -> 100 | M2: =IF(K2="","",IF(ISNUMBER('List 1'!C2),'List 1'!C2,TRIM('List 1'!C2))) -> PN-001 | N2: =IF(K2="","",IF(ISNUMBER('List 1'!D2),'List 1'!D2,TRIM('List 1'!D2))) -> Bolt M6 | O2: =IF(K2="","",D2) -> 4 | P2: =IF(K2="","",IF(R2,SUMPRODUCT(--($H$2:$H$501=K2),$I$2:$I$501),0)) -> 4 | Q2: =IF(K2="","",TRUE()) -> TRUE | R2: =IF(K2="","",SUMPRODUCT(--($H$2:$H$501=K2))>0) -> TRUE | S2: =IF(K2="","",IF(AND(Q2,R2),IF(O2=P2,"Match","Qty Different"),IF(Q2,"Only in List 1","Only in List 2"))) -> Match | T2: =IF(K2="","",IF(ISNUMBER(--L2),TEXT(--L2,"000000000000.000"),LOWER(L2))) -> 000000000100.000 | U2: =IF(K2="","",IF(ISNUMBER(--M2),TEXT(--M2,"000000000000.000"),LOWER(M2))) -> pn-001 | V2: =IF(K2="","",LOWER(N2)) -> bolt m6 | W2: =IF(K2="","",B2) -> 1 | X2: =IF(K2="","",1+SUMPRODUCT(($K$2:$K$1001<>"")*(($T$2:$T$1001<T2)+($T$2:$T$1001=T2)*(($U$2:$U$1001<U2)+($U$2:$U$1001=U2)*(($V$2:$V$1001<V2)+($V$2:$V$1001=V2)*(($W$2:$W$1001<W2)+($W$2:$W$1001=W2)*(ROW($K$2:$K$1001)<ROW(K2)))))))) -> 1
A3: =IF(TRIM('List 1'!A3&'List 1'!C3&'List 1'!D3)="","",LOWER(IF(OR(Comparison!$I$9="Item # + Part # + Description",Comparison!$I$9="Item # + Part #"),TRIM('List 1'!A3),"")&"|"&TRIM('List 1'!C3)&"|"&IF(OR(Comparison!$I$9="Item # + Part # + Description",Comparison!$I$9="Part # + Description"),TRIM('List 1'!D3),""))) -> 101|pn-002|nut m6 | B3: =IF(A3="","",SUMPRODUCT(--($A$2:A3=A3))) -> 1 | C3: =IF(A3="","",A3&"#"&B3) -> 101|pn-002|nut m6#1 | D3: =IF(A3="","",IFERROR(--'List 1'!B3,0)) -> 2 | F3: =IF(TRIM('List 2'!A3&'List 2'!C3&'List 2'!D3)="","",LOWER(IF(OR(Comparison!$I$9="Item # + Part # + Description",Comparison!$I$9="Item # + Part #"),TRIM('List 2'!A3),"")&"|"&TRIM('List 2'!C3)&"|"&IF(OR(Comparison!$I$9="Item # + Part # + Description",Comparison!$I$9="Part # + Description"),TRIM('List 2'!D3),""))) -> 101|pn-002|nut m6 | G3: =IF(F3="","",SUMPRODUCT(--($F$2:F3=F3))) -> 1 | H3: =IF(F3="","",F3&"#"&G3) -> 101|pn-002|nut m6#1 | I3: =IF(F3="","",IFERROR(--'List 2'!B3,0)) -> 5 | K3: =C3 -> 101|pn-002|nut m6#1 | L3: =IF(K3="","",IF(ISNUMBER('List 1'!A3),'List 1'!A3,TRIM('List 1'!A3))) -> 101 | M3: =IF(K3="","",IF(ISNUMBER('List 1'!C3),'List 1'!C3,TRIM('List 1'!C3))) -> PN-002 | N3: =IF(K3="","",IF(ISNUMBER('List 1'!D3),'List 1'!D3,TRIM('List 1'!D3))) -> Nut M6 | O3: =IF(K3="","",D3) -> 2 | P3: =IF(K3="","",IF(R3,SUMPRODUCT(--($H$2:$H$501=K3),$I$2:$I$501),0)) -> 5 | Q3: =IF(K3="","",TRUE()) -> TRUE | R3: =IF(K3="","",SUMPRODUCT(--($H$2:$H$501=K3))>0) -> TRUE | S3: =IF(K3="","",IF(AND(Q3,R3),IF(O3=P3,"Match","Qty Different"),IF(Q3,"Only in List 1","Only in List 2"))) -> Qty Different | T3: =IF(K3="","",IF(ISNUMBER(--L3),TEXT(--L3,"000000000000.000"),LOWER(L3))) -> 000000000101.000 | U3: =IF(K3="","",IF(ISNUMBER(--M3),TEXT(--M3,"000000000000.000"),LOWER(M3))) -> pn-002 | V3: =IF(K3="","",LOWER(N3)) -> nut m6 | W3: =IF(K3="","",B3) -> 1 | X3: =IF(K3="","",1+SUMPRODUCT(($K$2:$K$1001<>"")*(($T$2:$T$1001<T3)+($T$2:$T$1001=T3)*(($U$2:$U$1001<U3)+($U$2:$U$1001=U3)*(($V$2:$V$1001<V3)+($V$2:$V$1001=V3)*(($W$2:$W$1001<W3)+($W$2:$W$1001=W3)*(ROW($K$2:$K$1001)<ROW(K3)))))))) -> 2
A4: =IF(TRIM('List 1'!A4&'List 1'!C4&'List 1'!D4)="","",LOWER(IF(OR(Comparison!$I$9="Item # + Part # + Description",Comparison!$I$9="Item # + Part #"),TRIM('List 1'!A4),"")&"|"&TRIM('List 1'!C4)&"|"&IF(OR(Comparison!$I$9="Item # + Part # + Description",Comparison!$I$9="Part # + Description"),TRIM('List 1'!D4),""))) -> 102|pn-003|washer m6 | B4: =IF(A4="","",SUMPRODUCT(--($A$2:A4=A4))) -> 1 | C4: =IF(A4="","",A4&"#"&B4) -> 102|pn-003|washer m6#1 | D4: =IF(A4="","",IFERROR(--'List 1'!B4,0)) -> 1 | F4: =IF(TRIM('List 2'!A4&'List 2'!C4&'List 2'!D4)="","",LOWER(IF(OR(Comparison!$I$9="Item # + Part # + Description",Comparison!$I$9="Item # + Part #"),TRIM('List 2'!A4),"")&"|"&TRIM('List 2'!C4)&"|"&IF(OR(Comparison!$I$9="Item # + Part # + Description",Comparison!$I$9="Part # + Description"),TRIM('List 2'!D4),""))) -> 103|pn-004|bracket left | G4: =IF(F4="","",SUMPRODUCT(--($F$2:F4=F4))) -> 1 | H4: =IF(F4="","",F4&"#"&G4) -> 103|pn-004|bracket left#1 | I4: =IF(F4="","",IFERROR(--'List 2'!B4,0)) -> 3 | K4: =C4 -> 102|pn-003|washer m6#1 | L4: =IF(K4="","",IF(ISNUMBER('List 1'!A4),'List 1'!A4,TRIM('List 1'!A4))) -> 102 | M4: =IF(K4="","",IF(ISNUMBER('List 1'!C4),'List 1'!C4,TRIM('List 1'!C4))) -> PN-003 | N4: =IF(K4="","",IF(ISNUMBER('List 1'!D4),'List 1'!D4,TRIM('List 1'!D4))) -> Washer M6 | O4: =IF(K4="","",D4) -> 1 | P4: =IF(K4="","",IF(R4,SUMPRODUCT(--($H$2:$H$501=K4),$I$2:$I$501),0)) -> 0 | Q4: =IF(K4="","",TRUE()) -> TRUE | R4: =IF(K4="","",SUMPRODUCT(--($H$2:$H$501=K4))>0) -> FALSE | S4: =IF(K4="","",IF(AND(Q4,R4),IF(O4=P4,"Match","Qty Different"),IF(Q4,"Only in List 1","Only in List 2"))) -> Only in List 1 | T4: =IF(K4="","",IF(ISNUMBER(--L4),TEXT(--L4,"000000000000.000"),LOWER(L4))) -> 000000000102.000 | U4: =IF(K4="","",IF(ISNUMBER(--M4),TEXT(--M4,"000000000000.000"),LOWER(M4))) -> pn-003 | V4: =IF(K4="","",LOWER(N4)) -> washer m6 | W4: =IF(K4="","",B4) -> 1 | X4: =IF(K4="","",1+SUMPRODUCT(($K$2:$K$1001<>"")*(($T$2:$T$1001<T4)+($T$2:$T$1001=T4)*(($U$2:$U$1001<U4)+($U$2:$U$1001=U4)*(($V$2:$V$1001<V4)+($V$2:$V$1001=V4)*(($W$2:$W$1001<W4)+($W$2:$W$1001=W4)*(ROW($K$2:$K$1001)<ROW(K4)))))))) -> 3
A5: =IF(TRIM('List 1'!A5&'List 1'!C5&'List 1'!D5)="","",LOWER(IF(OR(Comparison!$I$9="Item # + Part # + Description",Comparison!$I$9="Item # + Part #"),TRIM('List 1'!A5),"")&"|"&TRIM('List 1'!C5)&"|"&IF(OR(Comparison!$I$9="Item # + Part # + Description",Comparison!$I$9="Part # + Description"),TRIM('List 1'!D5),""))) -> 103|pn-004|bracket left | B5: =IF(A5="","",SUMPRODUCT(--($A$2:A5=A5))) -> 1 | C5: =IF(A5="","",A5&"#"&B5) -> 103|pn-004|bracket left#1 | D5: =IF(A5="","",IFERROR(--'List 1'!B5,0)) -> 3 | F5: =IF(TRIM('List 2'!A5&'List 2'!C5&'List 2'!D5)="","",LOWER(IF(OR(Comparison!$I$9="Item # + Part # + Description",Comparison!$I$9="Item # + Part #"),TRIM('List 2'!A5),"")&"|"&TRIM('List 2'!C5)&"|"&IF(OR(Comparison!$I$9="Item # + Part # + Description",Comparison!$I$9="Part # + Description"),TRIM('List 2'!D5),""))) -> 104|pn-005|gasket | G5: =IF(F5="","",SUMPRODUCT(--($F$2:F5=F5))) -> 1 | H5: =IF(F5="","",F5&"#"&G5) -> 104|pn-005|gasket#1 | I5: =IF(F5="","",IFERROR(--'List 2'!B5,0)) -> 2 | K5: =C5 -> 103|pn-004|bracket left#1 | L5: =IF(K5="","",IF(ISNUMBER('List 1'!A5),'List 1'!A5,TRIM('List 1'!A5))) -> 103 | M5: =IF(K5="","",IF(ISNUMBER('List 1'!C5),'List 1'!C5,TRIM('List 1'!C5))) -> pn-004 | N5: =IF(K5="","",IF(ISNUMBER('List 1'!D5),'List 1'!D5,TRIM('List 1'!D5))) -> Bracket Left | O5: =IF(K5="","",D5) -> 3 | P5: =IF(K5="","",IF(R5,SUMPRODUCT(--($H$2:$H$501=K5),$I$2:$I$501),0)) -> 3 | Q5: =IF(K5="","",TRUE()) -> TRUE | R5: =IF(K5="","",SUMPRODUCT(--($H$2:$H$501=K5))>0) -> TRUE | S5: =IF(K5="","",IF(AND(Q5,R5),IF(O5=P5,"Match","Qty Different"),IF(Q5,"Only in List 1","Only in List 2"))) -> Match | T5: =IF(K5="","",IF(ISNUMBER(--L5),TEXT(--L5,"000000000000.000"),LOWER(L5))) -> 000000000103.000 | U5: =IF(K5="","",IF(ISNUMBER(--M5),TEXT(--M5,"000000000000.000"),LOWER(M5))) -> pn-004 | V5: =IF(K5="","",LOWER(N5)) -> bracket left | W5: =IF(K5="","",B5) -> 1 | X5: =IF(K5="","",1+SUMPRODUCT(($K$2:$K$1001<>"")*(($T$2:$T$1001<T5)+($T$2:$T$1001=T5)*(($U$2:$U$1001<U5)+($U$2:$U$1001=U5)*(($V$2:$V$1001<V5)+($V$2:$V$1001=V5)*(($W$2:$W$1001<W5)+($W$2:$W$1001=W5)*(ROW($K$2:$K$1001)<ROW(K5)))))))) -> 4
A6: =IF(TRIM('List 1'!A6&'List 1'!C6&'List 1'!D6)="","",LOWER(IF(OR(Comparison!$I$9="Item # + Part # + Description",Comparison!$I$9="Item # + Part #"),TRIM('List 1'!A6),"")&"|"&TRIM('List 1'!C6)&"|"&IF(OR(Comparison!$I$9="Item # + Part # + Description",Comparison!$I$9="Part # + Description"),TRIM('List 1'!D6),""))) -> 104|pn-005|gasket | B6: =IF(A6="","",SUMPRODUCT(--($A$2:A6=A6))) -> 1 | C6: =IF(A6="","",A6&"#"&B6) -> 104|pn-005|gasket#1 | D6: =IF(A6="","",IFERROR(--'List 1'!B6,0)) -> 2 | F6: =IF(TRIM('List 2'!A6&'List 2'!C6&'List 2'!D6)="","",LOWER(IF(OR(Comparison!$I$9="Item # + Part # + Description",Comparison!$I$9="Item # + Part #"),TRIM('List 2'!A6),"")&"|"&TRIM('List 2'!C6)&"|"&IF(OR(Comparison!$I$9="Item # + Part # + Description",Comparison!$I$9="Part # + Description"),TRIM('List 2'!D6),""))) -> 105|pn-006|hinge | G6: =IF(F6="","",SUMPRODUCT(--($F$2:F6=F6))) -> 1 | H6: =IF(F6="","",F6&"#"&G6) -> 105|pn-006|hinge#1 | I6: =IF(F6="","",IFERROR(--'List 2'!B6,0)) -> 6 | K6: =C6 -> 104|pn-005|gasket#1 | L6: =IF(K6="","",IF(ISNUMBER('List 1'!A6),'List 1'!A6,TRIM('List 1'!A6))) -> 104 | M6: =IF(K6="","",IF(ISNUMBER('List 1'!C6),'List 1'!C6,TRIM('List 1'!C6))) -> PN-005 | N6: =IF(K6="","",IF(ISNUMBER('List 1'!D6),'List 1'!D6,TRIM('List 1'!D6))) -> Gasket | O6: =IF(K6="","",D6) -> 2 | P6: =IF(K6="","",IF(R6,SUMPRODUCT(--($H$2:$H$501=K6),$I$2:$I$501),0)) -> 2 | Q6: =IF(K6="","",TRUE()) -> TRUE | R6: =IF(K6="","",SUMPRODUCT(--($H$2:$H$501=K6))>0) -> TRUE | S6: =IF(K6="","",IF(AND(Q6,R6),IF(O6=P6,"Match","Qty Different"),IF(Q6,"Only in List 1","Only in List 2"))) -> Match | T6: =IF(K6="","",IF(ISNUMBER(--L6),TEXT(--L6,"000000000000.000"),LOWER(L6))) -> 000000000104.000 | U6: =IF(K6="","",IF(ISNUMBER(--M6),TEXT(--M6,"000000000000.000"),LOWER(M6))) -> pn-005 | V6: =IF(K6="","",LOWER(N6)) -> gasket | W6: =IF(K6="","",B6) -> 1 | X6: =IF(K6="","",1+SUMPRODUCT(($K$2:$K$1001<>"")*(($T$2:$T$1001<T6)+($T$2:$T$1001=T6)*(($U$2:$U$1001<U6)+($U$2:$U$1001=U6)*(($V$2:$V$1001<V6)+($V$2:$V$1001=V6)*(($W$2:$W$1001<W6)+($W$2:$W$1001=W6)*(ROW($K$2:$K$1001)<ROW(K6)))))))) -> 5
A7: =IF(TRIM('List 1'!A7&'List 1'!C7&'List 1'!D7)="","",LOWER(IF(OR(Comparison!$I$9="Item # + Part # + Description",Comparison!$I$9="Item # + Part #"),TRIM('List 1'!A7),"")&"|"&TRIM('List 1'!C7)&"|"&IF(OR(Comparison!$I$9="Item # + Part # + Description",Comparison!$I$9="Part # + Description"),TRIM('List 1'!D7),""))) -> 104|pn-005|gasket | B7: =IF(A7="","",SUMPRODUCT(--($A$2:A7=A7))) -> 2 | C7: =IF(A7="","",A7&"#"&B7) -> 104|pn-005|gasket#2 | D7: =IF(A7="","",IFERROR(--'List 1'!B7,0)) -> 2 | F7: =IF(TRIM('List 2'!A7&'List 2'!C7&'List 2'!D7)="","",LOWER(IF(OR(Comparison!$I$9="Item # + Part # + Description",Comparison!$I$9="Item # + Part #"),TRIM('List 2'!A7),"")&"|"&TRIM('List 2'!C7)&"|"&IF(OR(Comparison!$I$9="Item # + Part # + Description",Comparison!$I$9="Part # + Description"),TRIM('List 2'!D7),""))) -> 105|pn-006|hinge | G7: =IF(F7="","",SUMPRODUCT(--($F$2:F7=F7))) -> 2 | H7: =IF(F7="","",F7&"#"&G7) -> 105|pn-006|hinge#2 | I7: =IF(F7="","",IFERROR(--'List 2'!B7,0)) -> 7 | K7: =C7 -> 104|pn-005|gasket#2 | L7: =IF(K7="","",IF(ISNUMBER('List 1'!A7),'List 1'!A7,TRIM('List 1'!A7))) -> 104 | M7: =IF(K7="","",IF(ISNUMBER('List 1'!C7),'List 1'!C7,TRIM('List 1'!C7))) -> PN-005 | N7: =IF(K7="","",IF(ISNUMBER('List 1'!D7),'List 1'!D7,TRIM('List 1'!D7))) -> Gasket | O7: =IF(K7="","",D7) -> 2 | P7: =IF(K7="","",IF(R7,SUMPRODUCT(--($H$2:$H$501=K7),$I$2:$I$501),0)) -> 0 | Q7: =IF(K7="","",TRUE()) -> TRUE | R7: =IF(K7="","",SUMPRODUCT(--($H$2:$H$501=K7))>0) -> FALSE | S7: =IF(K7="","",IF(AND(Q7,R7),IF(O7=P7,"Match","Qty Different"),IF(Q7,"Only in List 1","Only in List 2"))) -> Only in List 1 | T7: =IF(K7="","",IF(ISNUMBER(--L7),TEXT(--L7,"000000000000.000"),LOWER(L7))) -> 000000000104.000 | U7: =IF(K7="","",IF(ISNUMBER(--M7),TEXT(--M7,"000000000000.000"),LOWER(M7))) -> pn-005 | V7: =IF(K7="","",LOWER(N7)) -> gasket | W7: =IF(K7="","",B7) -> 2 | X7: =IF(K7="","",1+SUMPRODUCT(($K$2:$K$1001<>"")*(($T$2:$T$1001<T7)+($T$2:$T$1001=T7)*(($U$2:$U$1001<U7)+($U$2:$U$1001=U7)*(($V$2:$V$1001<V7)+($V$2:$V$1001=V7)*(($W$2:$W$1001<W7)+($W$2:$W$1001=W7)*(ROW($K$2:$K$1001)<ROW(K7)))))))) -> 6
A8: =IF(TRIM('List 1'!A8&'List 1'!C8&'List 1'!D8)="","",LOWER(IF(OR(Comparison!$I$9="Item # + Part # + Description",Comparison!$I$9="Item # + Part #"),TRIM('List 1'!A8),"")&"|"&TRIM('List 1'!C8)&"|"&IF(OR(Comparison!$I$9="Item # + Part # + Description",Comparison!$I$9="Part # + Description"),TRIM('List 1'!D8),""))) -> 105|pn-006|hinge | B8: =IF(A8="","",SUMPRODUCT(--($A$2:A8=A8))) -> 1 | C8: =IF(A8="","",A8&"#"&B8) -> 105|pn-006|hinge#1 | D8: =IF(A8="","",IFERROR(--'List 1'!B8,0)) -> 6 | F8: =IF(TRIM('List 2'!A8&'List 2'!C8&'List 2'!D8)="","",LOWER(IF(OR(Comparison!$I$9="Item # + Part # + Description",Comparison!$I$9="Item # + Part #"),TRIM('List 2'!A8),"")&"|"&TRIM('List 2'!C8)&"|"&IF(OR(Comparison!$I$9="Item # + Part # + Description",Comparison!$I$9="Part # + Description"),TRIM('List 2'!D8),""))) -> 106|pn-007|screw m4 | G8: =IF(F8="","",SUMPRODUCT(--($F$2:F8=F8))) -> 1 | H8: =IF(F8="","",F8&"#"&G8) -> 106|pn-007|screw m4#1 | I8: =IF(F8="","",IFERROR(--'List 2'!B8,0)) -> 1 | K8: =C8 -> 105|pn-006|hinge#1 | L8: =IF(K8="","",IF(ISNUMBER('List 1'!A8),'List 1'!A8,TRIM('List 1'!A8))) -> 105 | M8: =IF(K8="","",IF(ISNUMBER('List 1'!C8),'List 1'!C8,TRIM('List 1'!C8))) -> PN-006 | N8: =IF(K8="","",IF(ISNUMBER('List 1'!D8),'List 1'!D8,TRIM('List 1'!D8))) -> Hinge | O8: =IF(K8="","",D8) -> 6 | P8: =IF(K8="","",IF(R8,SUMPRODUCT(--($H$2:$H$501=K8),$I$2:$I$501),0)) -> 6 | Q8: =IF(K8="","",TRUE()) -> TRUE | R8: =IF(K8="","",SUMPRODUCT(--($H$2:$H$501=K8))>0) -> TRUE | S8: =IF(K8="","",IF(AND(Q8,R8),IF(O8=P8,"Match","Qty Different"),IF(Q8,"Only in List 1","Only in List 2"))) -> Match | T8: =IF(K8="","",IF(ISNUMBER(--L8),TEXT(--L8,"000000000000.000"),LOWER(L8))) -> 000000000105.000 | U8: =IF(K8="","",IF(ISNUMBER(--M8),TEXT(--M8,"000000000000.000"),LOWER(M8))) -> pn-006 | V8: =IF(K8="","",LOWER(N8)) -> hinge | W8: =IF(K8="","",B8) -> 1 | X8: =IF(K8="","",1+SUMPRODUCT(($K$2:$K$1001<>"")*(($T$2:$T$1001<T8)+($T$2:$T$1001=T8)*(($U$2:$U$1001<U8)+($U$2:$U$1001=U8)*(($V$2:$V$1001<V8)+($V$2:$V$1001=V8)*(($W$2:$W$1001<W8)+($W$2:$W$1001=W8)*(ROW($K$2:$K$1001)<ROW(K8)))))))) -> 7
A9: =IF(TRIM('List 1'!A9&'List 1'!C9&'List 1'!D9)="","",LOWER(IF(OR(Comparison!$I$9="Item # + Part # + Description",Comparison!$I$9="Item # + Part #"),TRIM('List 1'!A9),"")&"|"&TRIM('List 1'!C9)&"|"&IF(OR(Comparison!$I$9="Item # + Part # + Description",Comparison!$I$9="Part # + Description"),TRIM('List 1'!D9),""))) -> 106|pn-007|screw m4 | B9: =IF(A9="","",SUMPRODUCT(--($A$2:A9=A9))) -> 1 | C9: =IF(A9="","",A9&"#"&B9) -> 106|pn-007|screw m4#1 | D9: =IF(A9="","",IFERROR(--'List 1'!B9,0)) -> 1 | F9: =IF(TRIM('List 2'!A9&'List 2'!C9&'List 2'!D9)="","",LOWER(IF(OR(Comparison!$I$9="Item # + Part # + Description",Comparison!$I$9="Item # + Part #"),TRIM('List 2'!A9),"")&"|"&TRIM('List 2'!C9)&"|"&IF(OR(Comparison!$I$9="Item # + Part # + Description",Comparison!$I$9="Part # + Description"),TRIM('List 2'!D9),""))) -> 107|pn-008|cable 2m | G9: =IF(F9="","",SUMPRODUCT(--($F$2:F9=F9))) -> 1 | H9: =IF(F9="","",F9&"#"&G9) -> 107|pn-008|cable 2m#1 | I9: =IF(F9="","",IFERROR(--'List 2'!B9,0)) -> 8 | K9: =C9 -> 106|pn-007|screw m4#1 | L9: =IF(K9="","",IF(ISNUMBER('List 1'!A9),'List 1'!A9,TRIM('List 1'!A9))) -> 106 | M9: =IF(K9="","",IF(ISNUMBER('List 1'!C9),'List 1'!C9,TRIM('List 1'!C9))) -> PN-007 | N9: =IF(K9="","",IF(ISNUMBER('List 1'!D9),'List 1'!D9,TRIM('List 1'!D9))) -> Screw M4 | O9: =IF(K9="","",D9) -> 1 | P9: =IF(K9="","",IF(R9,SUMPRODUCT(--($H$2:$H$501=K9),$I$2:$I$501),0)) -> 1 | Q9: =IF(K9="","",TRUE()) -> TRUE | R9: =IF(K9="","",SUMPRODUCT(--($H$2:$H$501=K9))>0) -> TRUE | S9: =IF(K9="","",IF(AND(Q9,R9),IF(O9=P9,"Match","Qty Different"),IF(Q9,"Only in List 1","Only in List 2"))) -> Match | T9: =IF(K9="","",IF(ISNUMBER(--L9),TEXT(--L9,"000000000000.000"),LOWER(L9))) -> 000000000106.000 | U9: =IF(K9="","",IF(ISNUMBER(--M9),TEXT(--M9,"000000000000.000"),LOWER(M9))) -> pn-007 | V9: =IF(K9="","",LOWER(N9)) -> screw m4 | W9: =IF(K9="","",B9) -> 1 | X9: =IF(K9="","",1+SUMPRODUCT(($K$2:$K$1001<>"")*(($T$2:$T$1001<T9)+($T$2:$T$1001=T9)*(($U$2:$U$1001<U9)+($U$2:$U$1001=U9)*(($V$2:$V$1001<V9)+($V$2:$V$1001=V9)*(($W$2:$W$1001<W9)+($W$2:$W$1001=W9)*(ROW($K$2:$K$1001)<ROW(K9)))))))) -> 9
A10: =IF(TRIM('List 1'!A10&'List 1'!C10&'List 1'!D10)="","",LOWER(IF(OR(Comparison!$I$9="Item # + Part # + Description",Comparison!$I$9="Item # + Part #"),TRIM('List 1'!A10),"")&"|"&TRIM('List 1'!C10)&"|"&IF(OR(Comparison!$I$9="Item # + Part # + Description",Comparison!$I$9="Part # + Description"),TRIM('List 1'!D10),""))) -> 107|pn-008|cable 2m | B10: =IF(A10="","",SUMPRODUCT(--($A$2:A10=A10))) -> 1 | C10: =IF(A10="","",A10&"#"&B10) -> 107|pn-008|cable 2m#1 | D10: =IF(A10="","",IFERROR(--'List 1'!B10,0)) -> 10 | F10: =IF(TRIM('List 2'!A10&'List 2'!C10&'List 2'!D10)="","",LOWER(IF(OR(Comparison!$I$9="Item # + Part # + Description",Comparison!$I$9="Item # + Part #"),TRIM('List 2'!A10),"")&"|"&TRIM('List 2'!C10)&"|"&IF(OR(Comparison!$I$9="Item # + Part # + Description",Comparison!$I$9="Part # + Description"),TRIM('List 2'!D10),""))) -> 109|pn-010|relay 12v | G10: =IF(F10="","",SUMPRODUCT(--($F$2:F10=F10))) -> 1 | H10: =IF(F10="","",F10&"#"&G10) -> 109|pn-010|relay 12v#1 | I10: =IF(F10="","",IFERROR(--'List 2'!B10,0)) -> 2 | K10: =C10 -> 107|pn-008|cable 2m#1 | L10: =IF(K10="","",IF(ISNUMBER('List 1'!A10),'List 1'!A10,TRIM('List 1'!A10))) -> 107 | M10: =IF(K10="","",IF(ISNUMBER('List 1'!C10),'List 1'!C10,TRIM('List 1'!C10))) -> PN-008 | N10: =IF(K10="","",IF(ISNUMBER('List 1'!D10),'List 1'!D10,TRIM('List 1'!D10))) -> Cable 2m | O10: =IF(K10="","",D10) -> 10 | P10: =IF(K10="","",IF(R10,SUMPRODUCT(--($H$2:$H$501=K10),$I$2:$I$501),0)) -> 8 | Q10: =IF(K10="","",TRUE()) -> TRUE | R10: =IF(K10="","",SUMPRODUCT(--($H$2:$H$501=K10))>0) -> TRUE | S10: =IF(K10="","",IF(AND(Q10,R10),IF(O10=P10,"Match","Qty Different"),IF(Q10,"Only in List 1","Only in List 2"))) -> Qty Different | T10: =IF(K10="","",IF(ISNUMBER(--L10),TEXT(--L10,"000000000000.000"),LOWER(L10))) -> 000000000107.000 | U10: =IF(K10="","",IF(ISNUMBER(--M10),TEXT(--M10,"000000000000.000"),LOWER(M10))) -> pn-008 | V10: =IF(K10="","",LOWER(N10)) -> cable 2m | W10: =IF(K10="","",B10) -> 1 | X10: =IF(K10="","",1+SUMPRODUCT(($K$2:$K$1001<>"")*(($T$2:$T$1001<T10)+($T$2:$T$1001=T10)*(($U$2:$U$1001<U10)+($U$2:$U$1001=U10)*(($V$2:$V$1001<V10)+($V$2:$V$1001=V10)*(($W$2:$W$1001<W10)+($W$2:$W$1001=W10)*(ROW($K$2:$K$1001)<ROW(K10)))))))) -> 10
A11: =IF(TRIM('List 1'!A11&'List 1'!C11&'List 1'!D11)="","",LOWER(IF(OR(Comparison!$I$9="Item # + Part # + Description",Comparison!$I$9="Item # + Part #"),TRIM('List 1'!A11),"")&"|"&TRIM('List 1'!C11)&"|"&IF(OR(Comparison!$I$9="Item # + Part # + Description",Comparison!$I$9="Part # + Description"),TRIM('List 1'!D11),""))) -> 108|pn-009|fuse 5a | B11: =IF(A11="","",SUMPRODUCT(--($A$2:A11=A11))) -> 1 | C11: =IF(A11="","",A11&"#"&B11) -> 108|pn-009|fuse 5a#1 | D11: =IF(A11="","",IFERROR(--'List 1'!B11,0)) -> 1 | F11: =IF(TRIM('List 2'!A11&'List 2'!C11&'List 2'!D11)="","",LOWER(IF(OR(Comparison!$I$9="Item # + Part # + Description",Comparison!$I$9="Item # + Part #"),TRIM('List 2'!A11),"")&"|"&TRIM('List 2'!C11)&"|"&IF(OR(Comparison!$I$9="Item # + Part # + Description",Comparison!$I$9="Part # + Description"),TRIM('List 2'!D11),""))) -> 110|pn-011|sensor | G11: =IF(F11="","",SUMPRODUCT(--($F$2:F11=F11))) -> 1 | H11: =IF(F11="","",F11&"#"&G11) -> 110|pn-011|sensor#1 | I11: =IF(F11="","",IFERROR(--'List 2'!B11,0)) -> 3 | K11: =C11 -> 108|pn-009|fuse 5a#1 | L11: =IF(K11="","",IF(ISNUMBER('List 1'!A11),'List 1'!A11,TRIM('List 1'!A11))) -> 108 | M11: =IF(K11="","",IF(ISNUMBER('List 1'!C11),'List 1'!C11,TRIM('List 1'!C11))) -> PN-009 | N11: =IF(K11="","",IF(ISNUMBER('List 1'!D11),'List 1'!D11,TRIM('List 1'!D11))) -> Fuse 5A | O11: =IF(K11="","",D11) -> 1 | P11: =IF(K11="","",IF(R11,SUMPRODUCT(--($H$2:$H$501=K11),$I$2:$I$501),0)) -> 0 | Q11: =IF(K11="","",TRUE()) -> TRUE | R11: =IF(K11="","",SUMPRODUCT(--($H$2:$H$501=K11))>0) -> FALSE | S11: =IF(K11="","",IF(AND(Q11,R11),IF(O11=P11,"Match","Qty Different"),IF(Q11,"Only in List 1","Only in List 2"))) -> Only in List 1 | T11: =IF(K11="","",IF(ISNUMBER(--L11),TEXT(--L11,"000000000000.000"),LOWER(L11))) -> 000000000108.000 | U11: =IF(K11="","",IF(ISNUMBER(--M11),TEXT(--M11,"000000000000.000"),LOWER(M11))) -> pn-009 | V11: =IF(K11="","",LOWER(N11)) -> fuse 5a | W11: =IF(K11="","",B11) -> 1 | X11: =IF(K11="","",1+SUMPRODUCT(($K$2:$K$1001<>"")*(($T$2:$T$1001<T11)+($T$2:$T$1001=T11)*(($U$2:$U$1001<U11)+($U$2:$U$1001=U11)*(($V$2:$V$1001<V11)+($V$2:$V$1001=V11)*(($W$2:$W$1001<W11)+($W$2:$W$1001=W11)*(ROW($K$2:$K$1001)<ROW(K11)))))))) -> 11
A12: =IF(TRIM('List 1'!A12&'List 1'!C12&'List 1'!D12)="","",LOWER(IF(OR(Comparison!$I$9="Item # + Part # + Description",Comparison!$I$9="Item # + Part #"),TRIM('List 1'!A12),"")&"|"&TRIM('List 1'!C12)&"|"&IF(OR(Comparison!$I$9="Item # + Part # + Description",Comparison!$I$9="Part # + Description"),TRIM('List 1'!D12),""))) -> 109|pn-010|relay 12v | B12: =IF(A12="","",SUMPRODUCT(--($A$2:A12=A12))) -> 1 | C12: =IF(A12="","",A12&"#"&B12) -> 109|pn-010|relay 12v#1 | D12: =IF(A12="","",IFERROR(--'List 1'!B12,0)) -> 0 | F12: =IF(TRIM('List 2'!A12&'List 2'!C12&'List 2'!D12)="","",LOWER(IF(OR(Comparison!$I$9="Item # + Part # + Description",Comparison!$I$9="Item # + Part #"),TRIM('List 2'!A12),"")&"|"&TRIM('List 2'!C12)&"|"&IF(OR(Comparison!$I$9="Item # + Part # + Description",Comparison!$I$9="Part # + Description"),TRIM('List 2'!D12),""))) -> 112|pn-013|pump b | G12: =IF(F12="","",SUMPRODUCT(--($F$2:F12=F12))) -> 1 | H12: =IF(F12="","",F12&"#"&G12) -> 112|pn-013|pump b#1 | I12: =IF(F12="","",IFERROR(--'List 2'!B12,0)) -> 1 | K12: =C12 -> 109|pn-010|relay 12v#1 | L12: =IF(K12="","",IF(ISNUMBER('List 1'!A12),'List 1'!A12,TRIM('List 1'!A12))) -> 109 | M12: =IF(K12="","",IF(ISNUMBER('List 1'!C12),'List 1'!C12,TRIM('List 1'!C12))) -> PN-010 | N12: =IF(K12="","",IF(ISNUMBER('List 1'!D12),'List 1'!D12,TRIM('List 1'!D12))) -> Relay 12V | O12: =IF(K12="","",D12) -> 0 | P12: =IF(K12="","",IF(R12,SUMPRODUCT(--($H$2:$H$501=K12),$I$2:$I$501),0)) -> 2 | Q12: =IF(K12="","",TRUE()) -> TRUE | R12: =IF(K12="","",SUMPRODUCT(--($H$2:$H$501=K12))>0) -> TRUE | S12: =IF(K12="","",IF(AND(Q12,R12),IF(O12=P12,"Match","Qty Different"),IF(Q12,"Only in List 1","Only in List 2"))) -> Qty Different | T12: =IF(K12="","",IF(ISNUMBER(--L12),TEXT(--L12,"000000000000.000"),LOWER(L12))) -> 000000000109.000 | U12: =IF(K12="","",IF(ISNUMBER(--M12),TEXT(--M12,"000000000000.000"),LOWER(M12))) -> pn-010 | V12: =IF(K12="","",LOWER(N12)) -> relay 12v | W12: =IF(K12="","",B12) -> 1 | X12: =IF(K12="","",1+SUMPRODUCT(($K$2:$K$1001<>"")*(($T$2:$T$1001<T12)+($T$2:$T$1001=T12)*(($U$2:$U$1001<U12)+($U$2:$U$1001=U12)*(($V$2:$V$1001<V12)+($V$2:$V$1001=V12)*(($W$2:$W$1001<W12)+($W$2:$W$1001=W12)*(ROW($K$2:$K$1001)<ROW(K12)))))))) -> 12
A13: =IF(TRIM('List 1'!A13&'List 1'!C13&'List 1'!D13)="","",LOWER(IF(OR(Comparison!$I$9="Item # + Part # + Description",Comparison!$I$9="Item # + Part #"),TRIM('List 1'!A13),"")&"|"&TRIM('List 1'!C13)&"|"&IF(OR(Comparison!$I$9="Item # + Part # + Description",Comparison!$I$9="Part # + Description"),TRIM('List 1'!D13),""))) -> 112|pn-013|pump a | B13: =IF(A13="","",SUMPRODUCT(--($A$2:A13=A13))) -> 1 | C13: =IF(A13="","",A13&"#"&B13) -> 112|pn-013|pump a#1 | D13: =IF(A13="","",IFERROR(--'List 1'!B13,0)) -> 1 | F13: =IF(TRIM('List 2'!A13&'List 2'!C13&'List 2'!D13)="","",LOWER(IF(OR(Comparison!$I$9="Item # + Part # + Description",Comparison!$I$9="Item # + Part #"),TRIM('List 2'!A13),"")&"|"&TRIM('List 2'!C13)&"|"&IF(OR(Comparison!$I$9="Item # + Part # + Description",Comparison!$I$9="Part # + Description"),TRIM('List 2'!D13),""))) | G13: =IF(F13="","",SUMPRODUCT(--($F$2:F13=F13))) | H13: =IF(F13="","",F13&"#"&G13) | I13: =IF(F13="","",IFERROR(--'List 2'!B13,0)) | K13: =C13 -> 112|pn-013|pump a#1 | L13: =IF(K13="","",IF(ISNUMBER('List 1'!A13),'List 1'!A13,TRIM('List 1'!A13))) -> 112 | M13: =IF(K13="","",IF(ISNUMBER('List 1'!C13),'List 1'!C13,TRIM('List 1'!C13))) -> PN-013 | N13: =IF(K13="","",IF(ISNUMBER('List 1'!D13),'List 1'!D13,TRIM('List 1'!D13))) -> Pump A | O13: =IF(K13="","",D13) -> 1 | P13: =IF(K13="","",IF(R13,SUMPRODUCT(--($H$2:$H$501=K13),$I$2:$I$501),0)) -> 0 | Q13: =IF(K13="","",TRUE()) -> TRUE | R13: =IF(K13="","",SUMPRODUCT(--($H$2:$H$501=K13))>0) -> FALSE | S13: =IF(K13="","",IF(AND(Q13,R13),IF(O13=P13,"Match","Qty Different"),IF(Q13,"Only in List 1","Only in List 2"))) -> Only in List 1 | T13: =IF(K13="","",IF(ISNUMBER(--L13),TEXT(--L13,"000000000000.000"),LOWER(L13))) -> 000000000112.000 | U13: =IF(K13="","",IF(ISNUMBER(--M13),TEXT(--M13,"000000000000.000"),LOWER(M13))) -> pn-013 | V13: =IF(K13="","",LOWER(N13)) -> pump a | W13: =IF(K13="","",B13) -> 1 | X13: =IF(K13="","",1+SUMPRODUCT(($K$2:$K$1001<>"")*(($T$2:$T$1001<T13)+($T$2:$T$1001=T13)*(($U$2:$U$1001<U13)+($U$2:$U$1001=U13)*(($V$2:$V$1001<V13)+($V$2:$V$1001=V13)*(($W$2:$W$1001<W13)+($W$2:$W$1001=W13)*(ROW($K$2:$K$1001)<ROW(K13)))))))) -> 14
... A501: =IF(TRIM('List 1'!A501&'List 1'!C501&'List 1'!D501)="","",LOWER(IF(OR(Comparison!$I$9="Item # + Part # + Description",Comparison!$I$9="Item # + Part #"),TRIM('List 1'!A501),"")&"|"&TRIM('List 1'!C501)&"|"&IF(OR(Comparison!$I$9="Item # + Part # + Description",Comparison!$I$9="Part # + Description"),TRIM('List 1'!D501),""))) | B501: =IF(A501="","",SUMPRODUCT(--($A$2:A501=A501))) | C501: =IF(A501="","",A501&"#"&B501) | D501: =IF(A501="","",IFERROR(--'List 1'!B501,0)) | F501: =IF(TRIM('List 2'!A501&'List 2'!C501&'List 2'!D501)="","",LOWER(IF(OR(Comparison!$I$9="Item # + Part # + Description",Comparison!$I$9="Item # + Part #"),TRIM('List 2'!A501),"")&"|"&TRIM('List 2'!C501)&"|"&IF(OR(Comparison!$I$9="Item # + Part # + Description",Comparison!$I$9="Part # + Description"),TRIM('List 2'!D501),""))) | G501: =IF(F501="","",SUMPRODUCT(--($F$2:F501=F501))) | H501: =IF(F501="","",F501&"#"&G501) | I501: =IF(F501="","",IFERROR(--'List 2'!B501,0)) | K501: =C501 | L501: =IF(K501="","",IF(ISNUMBER('List 1'!A501),'List 1'!A501,TRIM('List 1'!A501))) | M501: =IF(K501="","",IF(ISNUMBER('List 1'!C501),'List 1'!C501,TRIM('List 1'!C501))) | N501: =IF(K501="","",IF(ISNUMBER('List 1'!D501),'List 1'!D501,TRIM('List 1'!D501))) | O501: =IF(K501="","",D501) | P501: =IF(K501="","",IF(R501,SUMPRODUCT(--($H$2:$H$501=K501),$I$2:$I$501),0)) | Q501: =IF(K501="","",TRUE()) | R501: =IF(K501="","",SUMPRODUCT(--($H$2:$H$501=K501))>0) | S501: =IF(K501="","",IF(AND(Q501,R501),IF(O501=P501,"Match","Qty Different"),IF(Q501,"Only in List 1","Only in List 2"))) | T501: =IF(K501="","",IF(ISNUMBER(--L501),TEXT(--L501,"000000000000.000"),LOWER(L501))) | U501: =IF(K501="","",IF(ISNUMBER(--M501),TEXT(--M501,"000000000000.000"),LOWER(M501))) | V501: =IF(K501="","",LOWER(N501)) | W501: =IF(K501="","",B501) | X501: =IF(K501="","",1+SUMPRODUCT(($K$2:$K$1001<>"")*(($T$2:$T$1001<T501)+($T$2:$T$1001=T501)*(($U$2:$U$1001<U501)+($U$2:$U$1001=U501)*(($V$2:$V$1001<V501)+($V$2:$V$1001=V501)*(($W$2:$W$1001<W501)+($W$2:$W$1001=W501)*(ROW($K$2:$K$1001)<ROW(K501))))))))
K502: =IF(H2="","",IF(SUMPRODUCT(--($C$2:$C$501=H2))>0,"",H2)) | L502: =IF(K502="","",IF(ISNUMBER('List 2'!A2),'List 2'!A2,TRIM('List 2'!A2))) | M502: =IF(K502="","",IF(ISNUMBER('List 2'!C2),'List 2'!C2,TRIM('List 2'!C2))) | N502: =IF(K502="","",IF(ISNUMBER('List 2'!D2),'List 2'!D2,TRIM('List 2'!D2))) | O502: =IF(K502="","",0) | P502: =IF(K502="","",I2) | Q502: =IF(K502="","",FALSE()) | R502: =IF(K502="","",TRUE()) | S502: =IF(K502="","",IF(AND(Q502,R502),IF(O502=P502,"Match","Qty Different"),IF(Q502,"Only in List 1","Only in List 2"))) | T502: =IF(K502="","",IF(ISNUMBER(--L502),TEXT(--L502,"000000000000.000"),LOWER(L502))) | U502: =IF(K502="","",IF(ISNUMBER(--M502),TEXT(--M502,"000000000000.000"),LOWER(M502))) | V502: =IF(K502="","",LOWER(N502)) | W502: =IF(K502="","",G2) | X502: =IF(K502="","",1+SUMPRODUCT(($K$2:$K$1001<>"")*(($T$2:$T$1001<T502)+($T$2:$T$1001=T502)*(($U$2:$U$1001<U502)+($U$2:$U$1001=U502)*(($V$2:$V$1001<V502)+($V$2:$V$1001=V502)*(($W$2:$W$1001<W502)+($W$2:$W$1001=W502)*(ROW($K$2:$K$1001)<ROW(K502))))))))
K503: =IF(H3="","",IF(SUMPRODUCT(--($C$2:$C$501=H3))>0,"",H3)) | L503: =IF(K503="","",IF(ISNUMBER('List 2'!A3),'List 2'!A3,TRIM('List 2'!A3))) | M503: =IF(K503="","",IF(ISNUMBER('List 2'!C3),'List 2'!C3,TRIM('List 2'!C3))) | N503: =IF(K503="","",IF(ISNUMBER('List 2'!D3),'List 2'!D3,TRIM('List 2'!D3))) | O503: =IF(K503="","",0) | P503: =IF(K503="","",I3) | Q503: =IF(K503="","",FALSE()) | R503: =IF(K503="","",TRUE()) | S503: =IF(K503="","",IF(AND(Q503,R503),IF(O503=P503,"Match","Qty Different"),IF(Q503,"Only in List 1","Only in List 2"))) | T503: =IF(K503="","",IF(ISNUMBER(--L503),TEXT(--L503,"000000000000.000"),LOWER(L503))) | U503: =IF(K503="","",IF(ISNUMBER(--M503),TEXT(--M503,"000000000000.000"),LOWER(M503))) | V503: =IF(K503="","",LOWER(N503)) | W503: =IF(K503="","",G3) | X503: =IF(K503="","",1+SUMPRODUCT(($K$2:$K$1001<>"")*(($T$2:$T$1001<T503)+($T$2:$T$1001=T503)*(($U$2:$U$1001<U503)+($U$2:$U$1001=U503)*(($V$2:$V$1001<V503)+($V$2:$V$1001=V503)*(($W$2:$W$1001<W503)+($W$2:$W$1001=W503)*(ROW($K$2:$K$1001)<ROW(K503))))))))
K504: =IF(H4="","",IF(SUMPRODUCT(--($C$2:$C$501=H4))>0,"",H4)) | L504: =IF(K504="","",IF(ISNUMBER('List 2'!A4),'List 2'!A4,TRIM('List 2'!A4))) | M504: =IF(K504="","",IF(ISNUMBER('List 2'!C4),'List 2'!C4,TRIM('List 2'!C4))) | N504: =IF(K504="","",IF(ISNUMBER('List 2'!D4),'List 2'!D4,TRIM('List 2'!D4))) | O504: =IF(K504="","",0) | P504: =IF(K504="","",I4) | Q504: =IF(K504="","",FALSE()) | R504: =IF(K504="","",TRUE()) | S504: =IF(K504="","",IF(AND(Q504,R504),IF(O504=P504,"Match","Qty Different"),IF(Q504,"Only in List 1","Only in List 2"))) | T504: =IF(K504="","",IF(ISNUMBER(--L504),TEXT(--L504,"000000000000.000"),LOWER(L504))) | U504: =IF(K504="","",IF(ISNUMBER(--M504),TEXT(--M504,"000000000000.000"),LOWER(M504))) | V504: =IF(K504="","",LOWER(N504)) | W504: =IF(K504="","",G4) | X504: =IF(K504="","",1+SUMPRODUCT(($K$2:$K$1001<>"")*(($T$2:$T$1001<T504)+($T$2:$T$1001=T504)*(($U$2:$U$1001<U504)+($U$2:$U$1001=U504)*(($V$2:$V$1001<V504)+($V$2:$V$1001=V504)*(($W$2:$W$1001<W504)+($W$2:$W$1001=W504)*(ROW($K$2:$K$1001)<ROW(K504))))))))
K505: =IF(H5="","",IF(SUMPRODUCT(--($C$2:$C$501=H5))>0,"",H5)) | L505: =IF(K505="","",IF(ISNUMBER('List 2'!A5),'List 2'!A5,TRIM('List 2'!A5))) | M505: =IF(K505="","",IF(ISNUMBER('List 2'!C5),'List 2'!C5,TRIM('List 2'!C5))) | N505: =IF(K505="","",IF(ISNUMBER('List 2'!D5),'List 2'!D5,TRIM('List 2'!D5))) | O505: =IF(K505="","",0) | P505: =IF(K505="","",I5) | Q505: =IF(K505="","",FALSE()) | R505: =IF(K505="","",TRUE()) | S505: =IF(K505="","",IF(AND(Q505,R505),IF(O505=P505,"Match","Qty Different"),IF(Q505,"Only in List 1","Only in List 2"))) | T505: =IF(K505="","",IF(ISNUMBER(--L505),TEXT(--L505,"000000000000.000"),LOWER(L505))) | U505: =IF(K505="","",IF(ISNUMBER(--M505),TEXT(--M505,"000000000000.000"),LOWER(M505))) | V505: =IF(K505="","",LOWER(N505)) | W505: =IF(K505="","",G5) | X505: =IF(K505="","",1+SUMPRODUCT(($K$2:$K$1001<>"")*(($T$2:$T$1001<T505)+($T$2:$T$1001=T505)*(($U$2:$U$1001<U505)+($U$2:$U$1001=U505)*(($V$2:$V$1001<V505)+($V$2:$V$1001=V505)*(($W$2:$W$1001<W505)+($W$2:$W$1001=W505)*(ROW($K$2:$K$1001)<ROW(K505))))))))
K506: =IF(H6="","",IF(SUMPRODUCT(--($C$2:$C$501=H6))>0,"",H6)) | L506: =IF(K506="","",IF(ISNUMBER('List 2'!A6),'List 2'!A6,TRIM('List 2'!A6))) | M506: =IF(K506="","",IF(ISNUMBER('List 2'!C6),'List 2'!C6,TRIM('List 2'!C6))) | N506: =IF(K506="","",IF(ISNUMBER('List 2'!D6),'List 2'!D6,TRIM('List 2'!D6))) | O506: =IF(K506="","",0) | P506: =IF(K506="","",I6) | Q506: =IF(K506="","",FALSE()) | R506: =IF(K506="","",TRUE()) | S506: =IF(K506="","",IF(AND(Q506,R506),IF(O506=P506,"Match","Qty Different"),IF(Q506,"Only in List 1","Only in List 2"))) | T506: =IF(K506="","",IF(ISNUMBER(--L506),TEXT(--L506,"000000000000.000"),LOWER(L506))) | U506: =IF(K506="","",IF(ISNUMBER(--M506),TEXT(--M506,"000000000000.000"),LOWER(M506))) | V506: =IF(K506="","",LOWER(N506)) | W506: =IF(K506="","",G6) | X506: =IF(K506="","",1+SUMPRODUCT(($K$2:$K$1001<>"")*(($T$2:$T$1001<T506)+($T$2:$T$1001=T506)*(($U$2:$U$1001<U506)+($U$2:$U$1001=U506)*(($V$2:$V$1001<V506)+($V$2:$V$1001=V506)*(($W$2:$W$1001<W506)+($W$2:$W$1001=W506)*(ROW($K$2:$K$1001)<ROW(K506))))))))
K507: =IF(H7="","",IF(SUMPRODUCT(--($C$2:$C$501=H7))>0,"",H7)) -> 105|pn-006|hinge#2 | L507: =IF(K507="","",IF(ISNUMBER('List 2'!A7),'List 2'!A7,TRIM('List 2'!A7))) -> 105 | M507: =IF(K507="","",IF(ISNUMBER('List 2'!C7),'List 2'!C7,TRIM('List 2'!C7))) -> PN-006 | N507: =IF(K507="","",IF(ISNUMBER('List 2'!D7),'List 2'!D7,TRIM('List 2'!D7))) -> Hinge | O507: =IF(K507="","",0) -> 0 | P507: =IF(K507="","",I7) -> 7 | Q507: =IF(K507="","",FALSE()) -> FALSE | R507: =IF(K507="","",TRUE()) -> TRUE | S507: =IF(K507="","",IF(AND(Q507,R507),IF(O507=P507,"Match","Qty Different"),IF(Q507,"Only in List 1","Only in List 2"))) -> Only in List 2 | T507: =IF(K507="","",IF(ISNUMBER(--L507),TEXT(--L507,"000000000000.000"),LOWER(L507))) -> 000000000105.000 | U507: =IF(K507="","",IF(ISNUMBER(--M507),TEXT(--M507,"000000000000.000"),LOWER(M507))) -> pn-006 | V507: =IF(K507="","",LOWER(N507)) -> hinge | W507: =IF(K507="","",G7) -> 2 | X507: =IF(K507="","",1+SUMPRODUCT(($K$2:$K$1001<>"")*(($T$2:$T$1001<T507)+($T$2:$T$1001=T507)*(($U$2:$U$1001<U507)+($U$2:$U$1001=U507)*(($V$2:$V$1001<V507)+($V$2:$V$1001=V507)*(($W$2:$W$1001<W507)+($W$2:$W$1001=W507)*(ROW($K$2:$K$1001)<ROW(K507)))))))) -> 8
K508: =IF(H8="","",IF(SUMPRODUCT(--($C$2:$C$501=H8))>0,"",H8)) | L508: =IF(K508="","",IF(ISNUMBER('List 2'!A8),'List 2'!A8,TRIM('List 2'!A8))) | M508: =IF(K508="","",IF(ISNUMBER('List 2'!C8),'List 2'!C8,TRIM('List 2'!C8))) | N508: =IF(K508="","",IF(ISNUMBER('List 2'!D8),'List 2'!D8,TRIM('List 2'!D8))) | O508: =IF(K508="","",0) | P508: =IF(K508="","",I8) | Q508: =IF(K508="","",FALSE()) | R508: =IF(K508="","",TRUE()) | S508: =IF(K508="","",IF(AND(Q508,R508),IF(O508=P508,"Match","Qty Different"),IF(Q508,"Only in List 1","Only in List 2"))) | T508: =IF(K508="","",IF(ISNUMBER(--L508),TEXT(--L508,"000000000000.000"),LOWER(L508))) | U508: =IF(K508="","",IF(ISNUMBER(--M508),TEXT(--M508,"000000000000.000"),LOWER(M508))) | V508: =IF(K508="","",LOWER(N508)) | W508: =IF(K508="","",G8) | X508: =IF(K508="","",1+SUMPRODUCT(($K$2:$K$1001<>"")*(($T$2:$T$1001<T508)+($T$2:$T$1001=T508)*(($U$2:$U$1001<U508)+($U$2:$U$1001=U508)*(($V$2:$V$1001<V508)+($V$2:$V$1001=V508)*(($W$2:$W$1001<W508)+($W$2:$W$1001=W508)*(ROW($K$2:$K$1001)<ROW(K508))))))))
K509: =IF(H9="","",IF(SUMPRODUCT(--($C$2:$C$501=H9))>0,"",H9)) | L509: =IF(K509="","",IF(ISNUMBER('List 2'!A9),'List 2'!A9,TRIM('List 2'!A9))) | M509: =IF(K509="","",IF(ISNUMBER('List 2'!C9),'List 2'!C9,TRIM('List 2'!C9))) | N509: =IF(K509="","",IF(ISNUMBER('List 2'!D9),'List 2'!D9,TRIM('List 2'!D9))) | O509: =IF(K509="","",0) | P509: =IF(K509="","",I9) | Q509: =IF(K509="","",FALSE()) | R509: =IF(K509="","",TRUE()) | S509: =IF(K509="","",IF(AND(Q509,R509),IF(O509=P509,"Match","Qty Different"),IF(Q509,"Only in List 1","Only in List 2"))) | T509: =IF(K509="","",IF(ISNUMBER(--L509),TEXT(--L509,"000000000000.000"),LOWER(L509))) | U509: =IF(K509="","",IF(ISNUMBER(--M509),TEXT(--M509,"000000000000.000"),LOWER(M509))) | V509: =IF(K509="","",LOWER(N509)) | W509: =IF(K509="","",G9) | X509: =IF(K509="","",1+SUMPRODUCT(($K$2:$K$1001<>"")*(($T$2:$T$1001<T509)+($T$2:$T$1001=T509)*(($U$2:$U$1001<U509)+($U$2:$U$1001=U509)*(($V$2:$V$1001<V509)+($V$2:$V$1001=V509)*(($W$2:$W$1001<W509)+($W$2:$W$1001=W509)*(ROW($K$2:$K$1001)<ROW(K509))))))))
K510: =IF(H10="","",IF(SUMPRODUCT(--($C$2:$C$501=H10))>0,"",H10)) | L510: =IF(K510="","",IF(ISNUMBER('List 2'!A10),'List 2'!A10,TRIM('List 2'!A10))) | M510: =IF(K510="","",IF(ISNUMBER('List 2'!C10),'List 2'!C10,TRIM('List 2'!C10))) | N510: =IF(K510="","",IF(ISNUMBER('List 2'!D10),'List 2'!D10,TRIM('List 2'!D10))) | O510: =IF(K510="","",0) | P510: =IF(K510="","",I10) | Q510: =IF(K510="","",FALSE()) | R510: =IF(K510="","",TRUE()) | S510: =IF(K510="","",IF(AND(Q510,R510),IF(O510=P510,"Match","Qty Different"),IF(Q510,"Only in List 1","Only in List 2"))) | T510: =IF(K510="","",IF(ISNUMBER(--L510),TEXT(--L510,"000000000000.000"),LOWER(L510))) | U510: =IF(K510="","",IF(ISNUMBER(--M510),TEXT(--M510,"000000000000.000"),LOWER(M510))) | V510: =IF(K510="","",LOWER(N510)) | W510: =IF(K510="","",G10) | X510: =IF(K510="","",1+SUMPRODUCT(($K$2:$K$1001<>"")*(($T$2:$T$1001<T510)+($T$2:$T$1001=T510)*(($U$2:$U$1001<U510)+($U$2:$U$1001=U510)*(($V$2:$V$1001<V510)+($V$2:$V$1001=V510)*(($W$2:$W$1001<W510)+($W$2:$W$1001=W510)*(ROW($K$2:$K$1001)<ROW(K510))))))))
K511: =IF(H11="","",IF(SUMPRODUCT(--($C$2:$C$501=H11))>0,"",H11)) -> 110|pn-011|sensor#1 | L511: =IF(K511="","",IF(ISNUMBER('List 2'!A11),'List 2'!A11,TRIM('List 2'!A11))) -> 110 | M511: =IF(K511="","",IF(ISNUMBER('List 2'!C11),'List 2'!C11,TRIM('List 2'!C11))) -> PN-011 | N511: =IF(K511="","",IF(ISNUMBER('List 2'!D11),'List 2'!D11,TRIM('List 2'!D11))) -> Sensor | O511: =IF(K511="","",0) -> 0 | P511: =IF(K511="","",I11) -> 3 | Q511: =IF(K511="","",FALSE()) -> FALSE | R511: =IF(K511="","",TRUE()) -> TRUE | S511: =IF(K511="","",IF(AND(Q511,R511),IF(O511=P511,"Match","Qty Different"),IF(Q511,"Only in List 1","Only in List 2"))) -> Only in List 2 | T511: =IF(K511="","",IF(ISNUMBER(--L511),TEXT(--L511,"000000000000.000"),LOWER(L511))) -> 000000000110.000 | U511: =IF(K511="","",IF(ISNUMBER(--M511),TEXT(--M511,"000000000000.000"),LOWER(M511))) -> pn-011 | V511: =IF(K511="","",LOWER(N511)) -> sensor | W511: =IF(K511="","",G11) -> 1 | X511: =IF(K511="","",1+SUMPRODUCT(($K$2:$K$1001<>"")*(($T$2:$T$1001<T511)+($T$2:$T$1001=T511)*(($U$2:$U$1001<U511)+($U$2:$U$1001=U511)*(($V$2:$V$1001<V511)+($V$2:$V$1001=V511)*(($W$2:$W$1001<W511)+($W$2:$W$1001=W511)*(ROW($K$2:$K$1001)<ROW(K511)))))))) -> 13
K512: =IF(H12="","",IF(SUMPRODUCT(--($C$2:$C$501=H12))>0,"",H12)) -> 112|pn-013|pump b#1 | L512: =IF(K512="","",IF(ISNUMBER('List 2'!A12),'List 2'!A12,TRIM('List 2'!A12))) -> 112 | M512: =IF(K512="","",IF(ISNUMBER('List 2'!C12),'List 2'!C12,TRIM('List 2'!C12))) -> PN-013 | N512: =IF(K512="","",IF(ISNUMBER('List 2'!D12),'List 2'!D12,TRIM('List 2'!D12))) -> Pump B | O512: =IF(K512="","",0) -> 0 | P512: =IF(K512="","",I12) -> 1 | Q512: =IF(K512="","",FALSE()) -> FALSE | R512: =IF(K512="","",TRUE()) -> TRUE | S512: =IF(K512="","",IF(AND(Q512,R512),IF(O512=P512,"Match","Qty Different"),IF(Q512,"Only in List 1","Only in List 2"))) -> Only in List 2 | T512: =IF(K512="","",IF(ISNUMBER(--L512),TEXT(--L512,"000000000000.000"),LOWER(L512))) -> 000000000112.000 | U512: =IF(K512="","",IF(ISNUMBER(--M512),TEXT(--M512,"000000000000.000"),LOWER(M512))) -> pn-013 | V512: =IF(K512="","",LOWER(N512)) -> pump b | W512: =IF(K512="","",G12) -> 1 | X512: =IF(K512="","",1+SUMPRODUCT(($K$2:$K$1001<>"")*(($T$2:$T$1001<T512)+($T$2:$T$1001=T512)*(($U$2:$U$1001<U512)+($U$2:$U$1001=U512)*(($V$2:$V$1001<V512)+($V$2:$V$1001=V512)*(($W$2:$W$1001<W512)+($W$2:$W$1001=W512)*(ROW($K$2:$K$1001)<ROW(K512)))))))) -> 15
K513: =IF(H13="","",IF(SUMPRODUCT(--($C$2:$C$501=H13))>0,"",H13)) | L513: =IF(K513="","",IF(ISNUMBER('List 2'!A13),'List 2'!A13,TRIM('List 2'!A13))) | M513: =IF(K513="","",IF(ISNUMBER('List 2'!C13),'List 2'!C13,TRIM('List 2'!C13))) | N513: =IF(K513="","",IF(ISNUMBER('List 2'!D13),'List 2'!D13,TRIM('List 2'!D13))) | O513: =IF(K513="","",0) | P513: =IF(K513="","",I13) | Q513: =IF(K513="","",FALSE()) | R513: =IF(K513="","",TRUE()) | S513: =IF(K513="","",IF(AND(Q513,R513),IF(O513=P513,"Match","Qty Different"),IF(Q513,"Only in List 1","Only in List 2"))) | T513: =IF(K513="","",IF(ISNUMBER(--L513),TEXT(--L513,"000000000000.000"),LOWER(L513))) | U513: =IF(K513="","",IF(ISNUMBER(--M513),TEXT(--M513,"000000000000.000"),LOWER(M513))) | V513: =IF(K513="","",LOWER(N513)) | W513: =IF(K513="","",G13) | X513: =IF(K513="","",1+SUMPRODUCT(($K$2:$K$1001<>"")*(($T$2:$T$1001<T513)+($T$2:$T$1001=T513)*(($U$2:$U$1001<U513)+($U$2:$U$1001=U513)*(($V$2:$V$1001<V513)+($V$2:$V$1001=V513)*(($W$2:$W$1001<W513)+($W$2:$W$1001=W513)*(ROW($K$2:$K$1001)<ROW(K513))))))))
... K1001: =IF(H501="","",IF(SUMPRODUCT(--($C$2:$C$501=H501))>0,"",H501)) | L1001: =IF(K1001="","",IF(ISNUMBER('List 2'!A501),'List 2'!A501,TRIM('List 2'!A501))) | M1001: =IF(K1001="","",IF(ISNUMBER('List 2'!C501),'List 2'!C501,TRIM('List 2'!C501))) | N1001: =IF(K1001="","",IF(ISNUMBER('List 2'!D501),'List 2'!D501,TRIM('List 2'!D501))) | O1001: =IF(K1001="","",0) | P1001: =IF(K1001="","",I501) | Q1001: =IF(K1001="","",FALSE()) | R1001: =IF(K1001="","",TRUE()) | S1001: =IF(K1001="","",IF(AND(Q1001,R1001),IF(O1001=P1001,"Match","Qty Different"),IF(Q1001,"Only in List 1","Only in List 2"))) | T1001: =IF(K1001="","",IF(ISNUMBER(--L1001),TEXT(--L1001,"000000000000.000"),LOWER(L1001))) | U1001: =IF(K1001="","",IF(ISNUMBER(--M1001),TEXT(--M1001,"000000000000.000"),LOWER(M1001))) | V1001: =IF(K1001="","",LOWER(N1001)) | W1001: =IF(K1001="","",G501) | X1001: =IF(K1001="","",1+SUMPRODUCT(($K$2:$K$1001<>"")*(($T$2:$T$1001<T1001)+($T$2:$T$1001=T1001)*(($U$2:$U$1001<U1001)+($U$2:$U$1001=U1001)*(($V$2:$V$1001<V1001)+($V$2:$V$1001=V1001)*(($W$2:$W$1001<W1001)+($W$2:$W$1001=W1001)*(ROW($K$2:$K$1001)<ROW(K1001))))))))
